,2025-05-24,2025-05-25,2025-05-26,2025-05-27,2025-05-28,2025-05-29
User Engagement Concern,0,0,0,0,1,0
Delivery Address Issues and Poor Customer Support,0,1,1,0,2,0
User Interface Usability,0,1,0,0,2,0
Refund policy for delayed orders,0,0,0,1,1,0
Positive feedback,335,379,299,293,311,0
Poor experience,1,1,0,0,1,0
Spelling Correction,0,0,0,1,1,0
Service Quality,16,16,10,11,18,0
Spoiled Food and Poor Customer Support,0,0,0,0,1,0
Unclear feedback,4,5,3,4,2,0
Positive Support Experience,55,57,45,58,53,0
Positive sentiment,7,7,10,6,8,0
Mixed feelings about the app,0,0,0,0,1,0
Positive feedback on food options,1,1,1,0,2,0
Restaurant verification issues,0,0,0,0,1,0
Negative Experience,2,4,5,2,4,0
Late Night Service Quality,0,0,0,0,1,0
Poor food quality and refund request,0,1,0,0,1,0
Payment System Issues,0,0,0,1,2,0
Positive feedback on food ordering app,5,14,4,5,15,0
Positive experience with food delivery,5,7,3,5,3,0
Price-to-Quantity Ratio,0,0,0,0,1,0
Night food delivery assistance,0,0,0,0,1,0
Food Quantity Issues,0,0,0,0,1,0
Budget-Friendly Pricing,0,0,0,0,1,0
Delivery Experience Issues,3,4,3,0,1,0
Uncertainty about outcomes,0,0,0,0,1,0
Poor customer support,1,2,3,1,3,0
Variety of options and timely delivery,0,0,0,0,1,0
Poor customer support and accountability,1,1,0,0,2,0
Poor Customer Care Experience,0,1,2,1,1,0
Positive Service Feedback,21,27,19,22,17,0
Positive app experience,5,3,4,5,3,0
Order Clubbing Impact on Customer Experience,0,0,0,0,1,0
Positive Impression,2,4,2,2,2,0
Food Quality Issues,6,11,6,8,11,0
Timely Delivery Appreciation,5,2,2,6,4,0
Order Speed,0,0,0,1,2,0
Poor customer support and order delays,2,5,6,0,1,0
Order Communication Issues,0,0,0,0,1,0
Poor AI support and customer care,0,0,1,0,1,0
High prices and extra charges,0,0,0,0,2,0
Delivery Reliability,3,0,0,1,1,0
Order Error and Poor Support,0,0,0,0,1,0
Food delivery speed,0,0,1,0,2,0
Performance Satisfaction,0,1,0,0,1,0
Service and Food Quality,0,0,0,0,1,0
Order Cancellation Process Issues,2,0,0,0,1,0
Delivery delays,2,2,1,3,1,0
Service Quality Comparison,1,3,3,2,1,0
Slow Delivery and Poor Customer Support,0,0,0,0,2,0
Speed and Efficiency,0,0,0,0,1,0
User-friendly interface,0,1,0,2,1,0
Best Offer,0,0,0,0,1,0
Delivery Timeliness Issue,1,5,3,5,3,0
Delivery Speed,5,9,3,11,3,0
Customer Service Neglect,0,0,0,0,1,0
Refund issue,1,2,1,4,3,0
"""Refund Issues with Blinkit""",0,0,0,0,1,0
Inaccurate Restaurant Pricing,0,0,0,0,1,0
Positive Customer Service Experience,13,16,13,14,11,0
Fraudulent Practices and Poor Customer Service,0,0,2,0,1,0
App Quality Issues,3,2,4,1,4,0
Positive Delivery Experience,0,2,4,6,3,0
Improvement Needed,0,1,0,1,1,0
App is a waste of time,0,0,0,0,1,0
Poor offers and dissatisfaction,0,0,0,0,1,0
Satisfies cravings,0,0,0,0,1,0
Missing item,0,0,0,0,1,0
User Experience,3,2,1,0,5,0
Delivery Service Quality,3,4,5,2,7,0
Positive feedback on delivery and teamwork,0,0,0,0,1,0
App effectiveness in fast-paced life,0,0,0,0,1,0
High delivery and food charges,3,1,1,4,2,0
Order Mistake and Refund Issue,0,0,0,0,1,0
Poor customer support and excessive ads,0,0,0,0,1,0
"""खाने का आनंद""",0,0,0,0,1,0
Delivery Issue,1,7,2,2,1,0
Neutral Feedback,8,8,8,1,2,0
First-time experience,0,1,2,0,2,0
Service Availability Issues,0,0,0,0,1,0
Positive experience with gold account,0,0,0,0,1,0
Availability in Malda,0,0,0,0,1,0
Variety of Home Dishes,0,0,0,0,1,0
Taste Quality,2,1,1,2,1,0
"""Unhelpful Membership Coupon""",0,0,0,0,1,0
Value for Money,0,1,0,0,1,0
Delivery Service,2,1,1,4,2,0
User-friendly food delivery app,1,0,1,0,1,0
Delivery Boy Behavior,0,0,0,0,1,0
Positive feedback on advertisement,0,0,0,0,1,0
Positive encouragement,0,0,0,0,2,0
Lack of Helpfulness,0,0,0,0,1,0
Vegetarian restaurant information,0,0,0,0,1,0
Speed and Quality,2,0,0,1,1,0
Ordering Experience,1,4,1,0,1,0
Food Delivery Quality,4,4,0,2,2,0
App functionality and delivery speed,0,1,0,0,1,0
Interface improvement,0,0,0,0,1,0
High taxes on food,0,0,0,0,1,0
Night cravings satisfaction,0,0,0,0,1,0
App dissatisfaction,0,0,0,0,1,0
Delivery Issues and Refund Policy,1,3,0,1,1,0
Mast Issue,0,0,1,1,1,0
Refund Issues and Fraudulent Restaurants,0,0,0,0,1,0
App Installation Issue,0,0,0,0,1,0
Delay in service,0,1,0,0,1,0
Timely Delivery and Packaging Quality,0,0,0,0,2,0
Price Discount,0,0,0,0,1,0
Request for Traditional Dining Options,0,0,0,0,1,0
Top Food Delivery App,1,3,0,2,2,0
Delivery service and restaurant variety,0,1,0,0,1,0
Login Issue,0,0,0,1,1,0
Gold user benefits,0,0,0,0,1,0
Lack of Gold Membership Benefits,0,0,0,0,1,0
Target Audience Suitability,0,0,0,0,1,0
Positive user experience with Zomato,1,1,0,1,1,0
Tax Reduction Request,0,0,0,0,1,0
Order cancellation and refund issue,0,1,0,1,1,0
Customer Service Satisfaction,1,5,0,7,5,0
Punctuality,0,1,0,0,1,0
Food Safety Concerns,0,0,0,0,1,0
Pricing,0,0,0,0,1,0
Request for coupons,1,0,0,0,1,0
Positive dining experience,1,1,3,4,1,0
Positive feedback on updates and support,0,0,0,0,1,0
Promotion Reliability,0,0,0,0,1,0
Order cancellation option for delays,0,0,0,0,1,0
App features and options,0,0,0,0,1,0
Fast Delivery,4,2,1,2,1,0
Discount and Cashback Confusion,0,0,0,0,1,0
Order issue with Zomato,0,0,0,0,2,0
App Improvement,0,0,0,0,1,0
User-friendly interface and order tracking,0,0,0,0,1,0
Customer Support and Business Ethics Issues,0,0,0,0,1,0
User Experience and Transparency,0,0,0,0,1,0
Delivery and Usability,0,0,0,0,1,0
Food ordering while traveling,0,0,0,0,1,0
Customer Service Improvement,0,3,0,0,1,0
Preferred Hotel Choice,0,0,0,0,1,0
Membership Satisfaction,0,0,0,0,1,0
Customer Support Improvement Needed,0,0,0,0,1,0
Fraud Allegations,0,1,0,0,1,0
Timeliness of Delivery,1,0,1,0,1,0
Food Spoilage Resolution,0,0,0,0,1,0
Emotional Experience with Zomato,0,3,4,3,3,0
Fast food delivery,0,2,2,0,1,0
Train Food Assistance,0,0,0,0,1,0
Emotional Impact,0,0,0,0,1,0
Overall Satisfaction,2,2,0,2,1,0
Best option for locals,0,0,0,0,1,0
Fraud Concerns,0,0,0,0,1,0
Positive Rating for Zomato,0,2,0,2,1,0
Food Delivery Choice,0,0,0,0,1,0
Positive feedback on offers,1,0,0,0,1,0
Food Delivery Convenience,1,4,1,0,2,0
Cancellation policy and coupon requests,0,0,0,0,1,0
Positive performance,0,1,0,0,1,0
Quality of service,0,2,0,1,1,0
User experience and community friendliness,0,0,0,0,1,0
Late delivery,0,0,0,1,1,0
Delivery availability for remote orders,0,0,0,0,1,0
Gold plan km restriction waiver,0,0,0,0,1,0
Positive feedback on services,4,0,1,0,1,0
Inaccurate Time Display,0,0,0,0,1,0
Positive experience with discounts and management,0,0,0,0,1,0
Speed of service,0,0,0,0,1,0
Positive restaurant discovery experience,0,0,0,0,1,0
Distance filter and sorting option,0,0,0,0,1,0
Positive experience,2,4,2,3,2,0
Delivery Delays and Fees,0,0,0,0,1,0
Delivery Improvement Needed,0,0,1,1,1,0
Delivery Time,0,1,1,1,2,0
Positive UI Feedback,0,0,0,0,1,0
Quality and Value,0,0,0,0,1,0
Service Quality and Timeliness,0,2,0,0,1,0
Poor food delivery and customer service,0,0,2,3,2,0
Midnight snack convenience,0,0,0,0,1,0
Response Quality,0,0,0,0,1,0
User-friendly and helpful app,0,0,0,0,1,0
High price and delivery issues,0,2,0,0,1,0
Lack of Event Offers,0,0,0,0,1,0
Free Delivery Request,0,0,0,0,1,0
Memes,0,0,0,0,1,0
Service efficiency,0,1,0,0,1,0
Delivery and Response Quality,0,0,1,0,1,0
Delivery and Pricing,0,0,0,1,1,0
Positive feedback on khaiddo and koti fata dam,0,0,0,0,1,0
Food Delivery Discounts,0,0,0,0,1,0
Poor Delivery Service and Rude Behavior,0,0,0,0,1,0
Convenient food access for students,0,0,0,0,1,0
"""பசியை போக்குதல்""",0,0,0,0,1,0
Ease of Ordering Food,0,0,0,0,1,0
Satisfaction,0,0,0,1,1,0
Order Delivery Satisfaction,1,0,3,1,2,0
Delivery Time Issues and Refund Concerns,0,0,0,0,1,0
Manipulated Ratings and Customer Dissatisfaction,0,0,0,0,1,0
Positive feedback on doorstep food delivery,1,0,0,1,1,0
Cash on Delivery Availability,0,1,0,1,1,0
Positive experience with hotel and food connections,0,0,0,0,1,0
Improvement Satisfaction,0,0,0,0,1,0
Cost Concerns,0,0,0,0,1,0
Positive first order experience,1,0,0,0,1,0
Rider Availability Issues,0,0,0,0,1,0
Restaurant Instructions Compliance,0,0,0,0,1,0
Poor resolution process and service,0,0,0,0,1,0
Convenience of Online Ordering,0,0,1,0,1,0
Speed,0,0,0,1,1,0
Pricing and Fees Concerns,2,1,6,1,1,0
App Glitch and Payment Issue,0,0,0,0,1,0
Request for exclusive offers,0,0,0,0,1,0
Request for pitch black viewing mode,0,0,0,0,1,0
App Comparison,0,0,0,0,1,0
First-time order feedback,0,0,0,0,1,0
Annoying Notifications,0,0,0,0,1,0
Positive feedback on discounts,0,1,1,0,2,0
Impressive Experience,1,2,0,0,1,0
High prices and poor food quality,0,0,1,0,1,0
On-time delivery,0,0,0,0,1,0
Cravings and Savings,0,0,0,0,1,0
Positive service and offers,0,0,0,0,1,0
Trustworthiness,1,0,1,1,1,0
Fast delivery during rainy weather,0,0,0,0,1,0
Delivery Charges Concerns,2,6,1,2,1,0
Timely and Authentic Delivery,0,0,0,0,1,0
Convenience of Zomato,0,0,0,0,1,0
Convenience and Speed,0,0,0,0,1,0
Increased Delivery Charges,2,1,0,1,1,0
Order Confirmation and Update,0,0,0,0,1,0
Support Request,0,0,0,0,1,0
Team Quality,0,0,0,0,1,0
Positive feedback on app usefulness,0,5,0,3,1,0
Satisfactory Experience,0,1,0,0,1,0
Misleading Offers and Pricing Issues,0,0,0,0,1,0
Feedback Edit Options and Location Tracking Issues,0,0,0,0,1,0
Great Deals,0,2,0,0,1,0
Delivery Availability,2,0,0,1,0,0
Inconsistent Service Quality,0,1,0,1,0,0
Lack of food and support services,0,0,0,1,0,0
Gold Membership Discount,0,0,0,1,0,0
Food quality and delivery timeliness,0,1,0,1,0,0
Poor customer support and refund issues,2,0,2,1,0,0
Late-night service availability,0,0,1,1,0,0
Poor food quality,1,0,0,1,0,0
Helpfulness,1,0,0,1,0,0
Food Enthusiasm,0,0,0,1,0,0
Delivery Delays and Poor Service,1,2,1,2,0,0
Positive offers,1,0,0,1,0,0
Delivery service issues,0,3,1,3,0,0
Quality Family Time with Zomato,0,0,0,1,0,0
Satisfaction with NYC experience,0,0,0,1,0,0
Poor AI performance and service dissatisfaction,0,0,0,1,0,0
Delivery Partner Availability Issues,0,0,0,1,0,0
"Topic Label: ""Need for Support""",0,0,0,1,0,0
High fees and poor delivery service,0,0,0,2,0,0
Poor Service Experience,1,0,0,1,0,0
Positive feedback on Garda app,0,0,0,1,0,0
Poor service and response,0,0,0,1,0,0
Insufficient details,0,0,0,1,0,0
Overall Experience Positive,0,0,0,2,0,0
User-friendly interface and good deals,0,0,0,1,0,0
Customer Service Efficiency,0,0,0,1,0,0
Timely Delivery in Adverse Weather,0,0,0,2,0,0
Poor app support and bad food experience,0,0,0,1,0,0
Positive Feedback on Zomato Series,0,4,0,1,0,0
Customizable food options,0,0,0,1,0,0
Rude customer service,3,3,0,1,0,0
Order Cancellation Due to Stock Issues,0,1,0,3,0,0
Daily Use Satisfaction,0,0,0,1,0,0
Craving Satisfaction,0,0,0,1,0,0
Fast Service and Low Rates,0,0,0,1,0,0
Taste Satisfaction,1,1,1,1,0,0
Competitive Offers,0,0,0,2,0,0
Positive Company Feedback,0,0,0,1,0,0
Additional charges on orders,0,0,0,1,0,0
Missing utensils with order,0,0,0,1,0,0
Positive experience with offers,1,3,0,1,0,0
Delivery Area Expansion,0,0,0,1,0,0
"""Positive Feedback""",0,0,0,1,0,0
Positive Ordering Experience,2,0,0,1,0,0
Late food delivery,0,0,0,1,0,0
Fast delivery and good food,0,1,2,1,0,0
Inappropriate Packing and Platform Fees,0,0,0,1,0,0
Delivery Timeliness and Food Temperature Issues,0,0,0,1,0,0
High prices and poor customer support,0,0,0,1,0,0
Order Management Issues,1,0,0,1,0,0
Positive feedback on the app and creator,0,0,0,1,0,0
High Prices,0,0,2,1,0,0
Mixed enjoyment,0,0,0,1,0,0
Quality of product received,0,0,0,1,0,0
Poor customer support and packaging issues,0,0,0,1,0,0
User-friendliness,0,4,1,3,0,0
Positive experience with quick refunds,0,0,1,1,0,0
Missing items in order,0,0,0,1,0,0
Discount concerns,0,0,0,1,0,0
Convenience and satisfaction,1,1,0,1,0,0
Customer Support Issues,1,3,0,2,0,0
Lack of POD Availability,0,0,0,1,0,0
Refund Process Flexibility,0,0,0,1,0,0
Download Issue,0,0,0,1,0,0
Timeliness and Consistency,1,1,2,3,0,0
Timing Issues,0,0,1,1,0,0
First-time experience with app usability,0,0,0,1,0,0
Request for more discounts,0,0,0,2,0,0
Lower prices for street food,0,0,0,1,0,0
Pricing Discrepancy and Delivery Issues,0,1,1,1,0,0
User-friendly ordering and quick delivery,1,0,0,1,0,0
Home Dining Experience,0,0,0,1,0,0
Convenient hotel food service,0,0,0,1,0,0
Rising platform fees and poor customer support,0,0,0,1,0,0
Poor delivery service and app issues,1,0,0,1,0,0
Excessive Notifications,0,0,0,1,0,0
Cancellation Policy Comparison,1,0,0,2,0,0
Efficiency,0,0,0,1,0,0
Positive service and food experience,0,0,1,1,0,0
Comparison with Competitor,1,0,0,1,0,0
Promotions and Notifications,0,0,0,1,0,0
Coupon application issue,0,0,0,1,0,0
Positive feedback on cash on delivery option,0,0,0,1,0,0
Quality food for train journeys,0,0,0,1,0,0
Food Quality and Freshness,1,3,1,1,0,0
Product Quality Concerns,0,0,0,2,0,0
Cashback Request,0,0,0,1,0,0
Personal Suitability,0,0,0,1,0,0
Delivery issue and fraud complaint,1,0,0,1,0,0
Delivery scam and lack of customer support,0,0,0,1,0,0
App cleanliness and efficient delivery,0,0,0,1,0,0
Coupon Savings,0,0,0,1,0,0
Year-round savings,0,0,0,1,0,0
Positive feedback on low price,0,0,0,1,0,0
Gratitude,0,0,1,1,0,0
Quality and Service Access,0,0,0,1,0,0
User Convenience,0,0,0,1,0,0
Positive experience with speed,0,0,0,1,0,0
Positive Food Ordering Experience,1,0,0,1,0,0
Gift food delivery service,0,0,0,1,0,0
High travel rates,0,0,0,1,0,0
Poor service quality,2,1,0,1,0,0
Positive user experience and value,3,2,2,1,0,0
Insufficient feedback,0,0,0,1,0,0
Positive experience with deals,1,1,0,1,0,0
Packing Quality and Temperature,0,0,0,1,0,0
Delivery Issues and Price Comparison,0,0,0,1,0,0
Brand Loyalty,0,0,0,1,0,0
Variety of Flavors,0,0,0,1,0,0
Lack of Transparency in Charges,0,0,0,1,0,0
Positive experience with timely delivery and user-friendly app,0,0,0,1,0,0
AI support dissatisfaction and order cancellation issue,0,0,0,1,0,0
Positive pricing,0,0,0,1,0,0
Restaurant Variety,1,0,0,1,0,0
Cancellation Fees and Payment Options,0,0,0,1,0,0
Delivery Comparison,0,0,0,1,0,0
Fast Service,0,0,0,2,0,0
Installation Issues,0,0,0,1,0,0
Indeterminate Experience,0,0,0,1,0,0
User-friendly navigation,0,0,0,2,0,0
Order Incomplete and Customer Care Inquiry,0,0,0,1,0,0
Food Availability,0,1,0,1,0,0
Menu Variety and Ordering Experience,0,0,0,1,0,0
Default Cutlery Option Inconvenience,0,0,0,1,0,0
Support in Difficult Times,0,1,0,1,0,0
Rising platform fees and disappearing offers,0,0,0,1,0,0
Discount Offers,0,2,0,1,0,0
Poor customer service and wrong orders,0,0,0,1,0,0
Poor hygiene and customer service,0,0,0,2,0,0
Delivery Efficiency,1,0,0,1,0,0
Refund and Customer Service Issues,0,0,1,2,0,0
High prices on Zomato,0,1,0,1,0,0
Positive long-term experience,0,0,0,1,0,0
Overwhelming experience,0,0,0,1,0,0
Positive food quality,0,0,0,1,0,0
"""Essential Service""",0,0,0,1,0,0
Request for No Onion/Garlic Section,0,0,0,1,0,0
Rising food prices and reduced quantity,0,0,0,1,0,0
Poor service and order cancellation threats,0,0,0,1,0,0
Positive Experience with Promises,0,0,0,1,0,0
Restaurant Service Speed,0,0,0,1,0,0
Preference for service over Swiggy,0,0,0,1,0,0
Payment Issues and Advertising Complaints,0,0,0,1,0,0
User Satisfaction and Enthusiasm,0,0,0,1,0,0
User Experience and Taste,0,0,0,1,0,0
Service Speed and Offers,0,0,0,1,0,0
Availability Issues,0,0,0,1,0,0
App usability,1,1,0,2,0,0
High Delivery and Service Fees,0,0,0,1,0,0
Refund Policy Concerns,0,0,0,1,0,0
Poor customer service response,1,0,3,1,0,0
Food Quality Options,1,0,0,2,0,0
Positive Offer Feedback,0,0,0,1,0,0
Application Support and Delivery,0,0,0,1,0,0
Poor service and high charges,0,0,0,1,0,0
Positive greeting and compliment,0,0,0,1,0,0
Positive feedback on food variety,0,0,0,1,0,0
Association with Quality Establishments,0,0,0,1,0,0
Lack of Customer Service,0,0,1,1,0,0
Positive Emotion,0,2,0,1,0,0
User-friendly and time-saving,0,1,0,1,0,0
App for Singles,0,0,0,1,0,0
Calling system issues,0,0,0,1,0,0
Incorrect order and refund request,0,0,0,1,0,0
Pricing Satisfaction,0,0,0,1,0,0
Quick meal options,0,0,0,1,0,0
Positive feedback on app convenience and variety,0,0,0,1,0,0
Merchant Photo Uploads for Menus,0,0,0,1,0,0
Poor quality and service experience,1,1,2,0,0,0
Quality Issues,1,1,1,0,0,0
Usefulness,0,0,1,0,0,0
Update Request for Restaurant Hours and Offers,0,0,1,0,0,0
High service charges complaint,0,1,1,0,0,0
Prompt delivery for late-night cravings,0,0,1,0,0,0
Service Delay and Poor Response,0,0,1,0,0,0
Best offer timing,0,0,1,0,0,0
Promotions and Discounts,1,1,3,0,0,0
Order Mistake and Late Delivery,0,0,1,0,0,0
Order Cancellation and Extra Charge Issues,1,0,1,0,0,0
Billing Issues and Missing Items,0,0,1,0,0,0
Mixed experience,0,1,1,0,0,0
Satisfaction with portion size,0,0,1,0,0,0
Positive experience with food app,0,0,1,0,0,0
Delivery Boy Compensation Issues,0,0,1,0,0,0
Cancellation and Customer Service Issues,0,0,1,0,0,0
Gold Offer Limitations,0,0,1,0,0,0
Poor service and reliability,0,0,1,0,0,0
Poor customer service and missing items,1,2,1,0,0,0
Poor app quality,1,0,1,0,0,0
Order not received and poor customer service,1,0,2,0,0,0
Timely food delivery and service satisfaction,1,0,1,0,0,0
Affordable delivery service,0,0,1,0,0,0
Order Discrepancy and Support Issues,0,0,2,0,0,0
Order Incomplete and Poor Customer Service,0,1,1,0,0,0
Poor customer service and communication,0,0,1,0,0,0
Performance Speed,1,1,2,0,0,0
Poor quality,0,1,1,0,0,0
Unprofessional Delivery Service,0,0,1,0,0,0
Timely and Hygienic Delivery,0,0,1,0,0,0
Positive feedback on Copan offer,0,0,1,0,0,0
Inconsistent food quality,0,0,1,0,0,0
Delivery Scam,1,0,1,0,0,0
Restaurant Search Functionality,0,0,1,0,0,0
Nighttime availability,0,0,1,0,0,0
Offer is good,0,0,1,0,0,0
Discount request,1,0,1,0,0,0
Fraudulent service and poor customer support,0,1,1,0,0,0
Charging Efficiency,0,0,1,0,0,0
Enjoyment of content,0,0,1,0,0,0
Positive feedback on condition,0,0,1,0,0,0
"""Discounts with Coupons""",0,0,1,0,0,0
Positive experience and pricing,1,0,1,0,0,0
Need for Innovative User Experience and Improved Offers,0,0,1,0,0,0
Delivery Fee Adjustment,0,0,1,0,0,0
Better Offers on Swiggy,0,0,1,0,0,0
Availability Praise,0,0,1,0,0,0
Discounted food options,0,0,1,0,0,0
"""Transparency in Bill Details""",0,0,1,0,0,0
Convenience of Accessing Good Food,0,0,1,0,0,0
Loading screen issue,0,0,1,0,0,0
Overwhelming Helpfulness,1,0,1,0,0,0
App usefulness for online ordering,0,0,1,0,0,0
More Offers Needed,1,0,1,0,0,0
Appreciation for Somato Service to Humanity,0,0,1,0,0,0
Restaurant Filtering and Promotions Display,0,0,1,0,0,0
Delivery feedback,0,0,1,0,0,0
Genuine Customer Feedback,0,0,1,0,0,0
Service quality and offers,0,0,1,0,0,0
Workplace suitability,0,0,1,0,0,0
Discrepancy in Ratings,0,0,1,0,0,0
App for food preferences,0,0,1,0,0,0
Positive experience with timing,0,0,1,0,0,0
Login Issues and Gold Access,0,0,1,0,0,0
Mixed satisfaction,0,0,1,0,0,0
Order issues and lack of support,1,0,1,0,0,0
"""Unfair Additional Fee""",0,0,1,0,0,0
Timely Delivery and Polite Service,0,0,1,0,0,0
Food Ordering App,1,1,1,0,0,0
Delivery Performance,0,0,1,0,0,0
Food discovery app,0,0,1,0,0,0
OTP Recognition Issue,0,0,1,0,0,0
Clock malfunction and support response,0,0,1,0,0,0
App performance issues,0,0,1,0,0,0
Restaurant Comparison and Ordering,0,0,1,0,0,0
Delivery Delays and Rating System Issues,0,0,1,0,0,0
Fraudulent app warning,0,0,1,0,0,0
Incorrect OTP Validation,0,0,1,0,0,0
Moderation Issues,0,0,1,0,0,0
Train food service,0,0,1,0,0,0
Gratitude for food delivery service,1,0,1,0,0,0
"""Excessive Order Fee""",0,0,1,0,0,0
Delivery Delay and Cancellation Issues,0,0,1,0,0,0
Order Delay,1,1,1,0,0,0
Management Quality,0,0,1,0,0,0
Delayed response to email inquiry,0,0,1,0,0,0
Overcharging Issues,0,1,1,0,0,0
Cancellation policy issues,0,0,1,0,0,0
Delivery Issues and Customer Service Concerns,2,1,1,0,0,0
Positive experience and packaging,0,0,1,0,0,0
Delivery Verification Process,0,0,1,0,0,0
Positive experience with timely delivery,0,0,1,0,0,0
Application Feedback,0,1,1,0,0,0
Promised Discount Not Received,0,0,1,0,0,0
Reliable and fast food delivery,0,0,1,0,0,0
Ineffective Coupons,0,0,1,0,0,0
Food App Recommendation,0,0,1,0,0,0
Hunger Preferences Discrepancy,0,0,1,0,0,0
Unreal Experience,0,0,1,0,0,0
Timeliness Satisfaction,0,0,1,0,0,0
High platform charges,0,1,2,0,0,0
Payment Failure Issue,0,0,1,0,0,0
High taxes and delivery charges,0,0,1,0,0,0
Request for Zomato service in Sonebhadra Shaktinagar,0,0,1,0,0,0
Packaging Improvement,0,0,1,0,0,0
Time Management Issues,0,1,1,0,0,0
Incomplete Order Delivery,0,0,1,0,0,0
Delivery Charges and Rider Payment Issues,0,0,1,0,0,0
Engaging Platform,0,0,1,0,0,0
Hotel Availability Issue,0,0,1,0,0,0
App Recommendations,0,1,1,0,0,0
Positive food experience,0,2,1,0,0,0
High minimum order amount for offers,0,0,1,0,0,0
Desperation for food,0,0,1,0,0,0
Positive service experience on trains,0,0,1,0,0,0
App usefulness,2,0,1,0,0,0
Food personalization,0,0,1,0,0,0
Automatic ordering issue,0,0,1,0,0,0
Lack of Human Support in Chat Service,0,0,1,0,0,0
Foodie App,2,0,1,0,0,0
Refund Policy and Order Timing Issues,0,0,1,0,0,0
Coupon Availability,0,1,1,0,0,0
Positive impact,0,0,1,0,0,0
Decline in Service Quality and Increased Fees,0,0,1,0,0,0
Order not received and funds not credited,0,0,1,0,0,0
Positive feedback on app and customer care,0,0,1,0,0,0
Quality and Timeliness,0,0,1,0,0,0
Order quality and refund request,0,0,1,0,0,0
Indecisiveness,0,0,1,0,0,0
Packaging and Spillage Issue,0,0,1,0,0,0
Lack of Cash on Delivery Option,1,1,0,0,0,0
No Issues Reported,0,2,0,0,0,0
Poor customer support for gold members,0,1,0,0,0,0
Refund issue due to undercooked food,0,1,0,0,0,0
App functionality,0,1,0,0,0,0
Exceptional Service,0,1,0,0,0,0
App reliability and trustworthiness,0,1,0,0,0,0
Gratitude for late-night food service,0,1,0,0,0,0
Lack of Competitive Offers,0,2,0,0,0,0
Support and Assistance,0,1,0,0,0,0
Delivery Delays and Rider Coordination Issues,0,1,0,0,0,0
Food Delivery App Satisfaction,0,1,0,0,0,0
Difficulty adding or changing address in app,0,1,0,0,0,0
Customer support connectivity issue,0,1,0,0,0,0
Savings advice,0,1,0,0,0,0
Positive Aesthetic Feedback,0,1,0,0,0,0
Refund Issue with Wrong Order,0,1,0,0,0,0
Product dissatisfaction,0,1,0,0,0,0
Negative Experience with Zomato,2,1,0,0,0,0
Discount on future orders,0,1,0,0,0,0
Order Issues and Cooking Alternatives,0,1,0,0,0,0
Order mix-up and refund issue,0,2,0,0,0,0
Poor customer service and email blocking,0,1,0,0,0,0
Order Availability and Service Delay,0,1,0,0,0,0
Customer care responsiveness,0,1,0,0,0,0
Slow Delivery,0,1,0,0,0,0
Lack of human support for issue resolution,0,1,0,0,0,0
Poor customer support and unresolved issues,0,1,0,0,0,0
High charges,2,1,0,0,0,0
Delayed Delivery Issue,0,1,0,0,0,0
Poor customer service and complaint handling,1,1,0,0,0,0
Cashback Policy Change,0,1,0,0,0,0
Customer Care Accessibility Issues,0,2,0,0,0,0
Discounts and Delivery,0,1,0,0,0,0
Poor service and inadequate refund for gold members,0,1,0,0,0,0
Excellent Service,2,1,0,0,0,0
User experience and customer service improvements needed,0,1,0,0,0,0
Positive dining experience at China Garden Gurgaon,0,1,0,0,0,0
Poor service and penalties for cancellation,0,1,0,0,0,0
Free delivery on low-priced food,0,1,0,0,0,0
Order fulfillment issues,1,1,0,0,0,0
Ordering Process,0,1,0,0,0,0
Price Gouging,0,1,0,0,0,0
High Prices and Poor Value,1,1,0,0,0,0
Unreliable Order Cancellation,0,1,0,0,0,0
Clarity,0,1,0,0,0,0
Extra Charges Concern,0,2,0,0,0,0
Work Ethic,0,1,0,0,0,0
Positive excitement,0,1,0,0,0,0
Accessibility and Delivery Speed,0,1,0,0,0,0
Delicious Pasta,0,1,0,0,0,0
Poor staff quality,0,1,0,0,0,0
Food enjoyment,0,1,0,0,0,0
Positive feedback on rates and delivery speed,0,1,0,0,0,0
"""Time Consumption""",0,1,0,0,0,0
Payment Availability Issues,0,1,0,0,0,0
Positive UI and Discounts,0,1,0,0,0,0
Discount expectations,0,1,0,0,0,0
Quality Feedback,0,1,0,0,0,0
Order ease,0,1,0,0,0,0
Delivery Issues and Membership Benefits,0,1,0,0,0,0
Positive experience compared to Swiggy,0,1,0,0,0,0
Support for Swara Zamato,0,1,0,0,0,0
Positive feedback on food and service,0,1,0,0,0,0
Refund request for damaged cake,0,1,0,0,0,0
Inappropriate content,0,1,0,0,0,0
Speed Improvement,0,1,0,0,0,0
Mixed feelings,1,2,0,0,0,0
Limited options,1,1,0,0,0,0
Restaurant Pricing Discrepancy,1,1,0,0,0,0
Delivery Safety Concerns,0,1,0,0,0,0
Service and Packaging Quality,0,1,0,0,0,0
Poor user experience and customer service,0,2,0,0,0,0
Convenience and Variety in Dining,0,1,0,0,0,0
"""Post-update crashes""",0,1,0,0,0,0
Delivery Team Praise,0,1,0,0,0,0
Ease of Use,1,1,0,0,0,0
Cost Efficiency,0,1,0,0,0,0
Crazy Offer,0,1,0,0,0,0
Order Variety Expansion,0,1,0,0,0,0
Atmosphere Quality,0,1,0,0,0,0
Food Purchase Assistance,0,1,0,0,0,0
Loot System Feedback,0,1,0,0,0,0
Request for Non-Veg Option,0,1,0,0,0,0
Service and Coupons,0,1,0,0,0,0
Positive experience with options,0,1,0,0,0,0
Poor customer service and order fulfillment,0,1,0,0,0,0
Cancellation Fees and Poor Customer Support,0,1,0,0,0,0
Innovative Guilt Relief,0,1,0,0,0,0
Delivery issue with change,0,1,0,0,0,0
Positive feedback on pizza quality and value,0,1,0,0,0,0
Food order issue and refund request,0,1,0,0,0,0
Ordering Convenience,0,1,0,0,0,0
Container Size Options,0,1,0,0,0,0
Poor app and customer service,0,1,0,0,0,0
Promo code issue,0,1,0,0,0,0
Missing items and refund issue,0,1,0,0,0,0
Payment issues,0,1,0,0,0,0
Delicious Pizza,0,1,0,0,0,0
Wrong product delivered,0,1,0,0,0,0
Abusive Delivery Agent Behavior,0,1,0,0,0,0
App Reliability Issues,0,1,0,0,0,0
Hidden Ratings Concern,0,1,0,0,0,0
Poor service and lack of refunds,1,2,0,0,0,0
Quality评价,0,1,0,0,0,0
Service quality and pricing concerns,0,1,0,0,0,0
Delivery quality,0,1,0,0,0,0
Delivery and Variety,0,1,0,0,0,0
Positive service评价,0,1,0,0,0,0
Rising Platform Fees,0,1,0,0,0,0
Reliability,0,1,0,0,0,0
Discount Appreciation,3,1,0,0,0,0
Lack of professionalism,0,1,0,0,0,0
Surprise or Amazement,0,1,0,0,0,0
Delivery Time Improvement,0,1,0,0,0,0
More offers and discounts,0,2,0,0,0,0
Order Accuracy Issues,1,1,0,0,0,0
Food supply request,0,1,0,0,0,0
Update Restaurant Information,0,1,0,0,0,0
Operational fraud and poor service,0,1,0,0,0,0
Product Quality and Delivery,0,1,0,0,0,0
High pricing concerns,0,2,0,0,0,0
Pricing Manipulation,0,1,0,0,0,0
Account Security Concern,0,1,0,0,0,0
"Order not received, payment deducted",0,1,0,0,0,0
Bengali Fish Curry Taste,0,1,0,0,0,0
Decline in Service Quality and Order Issues,0,1,0,0,0,0
Poor delivery service and support,0,1,0,0,0,0
Impact on Laziness,0,1,0,0,0,0
Location tracking issues,0,1,0,0,0,0
Positive first online ordering experience,1,1,0,0,0,0
Order Process Ease,0,1,0,0,0,0
Positive prior experience,0,1,0,0,0,0
"""Unreliable Timings and Poor Support""",0,1,0,0,0,0
Poor customer service and compensation issues,0,1,0,0,0,0
Positive service and selection,0,1,0,0,0,0
High prices for food,0,1,0,0,0,0
Convenience during downtime,0,1,0,0,0,0
Pricing vs. Quality,0,1,0,0,0,0
Restaurant Quality and Rating Concerns,0,1,0,0,0,0
Pocket Size Concern,0,1,0,0,0,0
Positive purchasing experience,2,1,0,0,0,0
Negative feedback,0,1,0,0,0,0
Customer Care and Experience,0,1,0,0,0,0
Zomato cravings,0,1,0,0,0,0
Slow customer support and product issue,0,1,0,0,0,0
New Kitchen Viewing Option,0,1,0,0,0,0
Positive service and timely delivery,0,1,0,0,0,0
Order cancellation and poor service experience,1,1,0,0,0,0
Helpful support during need,0,1,0,0,0,0
Food Delivery for Introverts,0,1,0,0,0,0
Lack of Coupons,0,1,0,0,0,0
Price Gouging and Customer Disrespect,0,1,0,0,0,0
Affordable food prices,0,1,0,0,0,0
Security Features,0,1,0,0,0,0
Unethical food delivery practices,0,1,0,0,0,0
Helpful food delivery service,0,1,0,0,0,0
App Appreciation for Food Tracking,0,1,0,0,0,0
Misleading delivery charges,0,1,0,0,0,0
Pricing and Support Issues,0,1,0,0,0,0
Affordable pricing and fast delivery,0,1,0,0,0,0
Excessive additional items on orders,0,1,0,0,0,0
Excessive Fees with Zomato Gold,0,1,0,0,0,0
Payment options and delivery speed,0,1,0,0,0,0
Improvement in Customer Support and Delivery Routing,0,1,0,0,0,0
Support for Deepinder Goyal on Shark Tank,0,1,0,0,0,0
Food delivery urgency,0,1,0,0,0,0
Rider Deception Concerns,0,1,0,0,0,0
Request for a visit,1,0,0,0,0,0
Order Cancellation and Refund Delay,2,0,0,0,0,0
Aspiration for Excellence,1,0,0,0,0,0
Delayed response on ruined food delivery,1,0,0,0,0,0
Pricing and Customer Service Improvement,1,0,0,0,0,0
भरोसेमंद खाना ऑर्डर सेवा,1,0,0,0,0,0
Positive Improvement,1,0,0,0,0,0
Delivery Personnel Conduct,1,0,0,0,0,0
Pricing vs. App Experience,1,0,0,0,0,0
"""Short duration concern""",1,0,0,0,0,0
Lunch box quality,1,0,0,0,0,0
Usage issue,1,0,0,0,0,0
Favorite food selection,1,0,0,0,0,0
Unfair charges and poor customer support,1,0,0,0,0,0
Overcharging and poor support for partners,1,0,0,0,0,0
Poor delivery experience,1,0,0,0,0,0
Order placement requirement,1,0,0,0,0,0
Satisfaction with product suitability,1,0,0,0,0,0
Delivery Fraud,1,0,0,0,0,0
App Glitches and Order Issues,1,0,0,0,0,0
Order Delays and Cold Food,1,0,0,0,0,0
Limited offers for new users,1,0,0,0,0,0
Positive feedback on food quality,2,0,0,0,0,0
Praise for Deepinder Goyal,1,0,0,0,0,0
Disappointment with Zomato Gold benefits,1,0,0,0,0,0
"""Great deals and savings""",1,0,0,0,0,0
High fees and price discrepancies,1,0,0,0,0,0
Lack of Accountability for Food Delivery,1,0,0,0,0,0
Facility Quality,1,0,0,0,0,0
Urgent Order Request,1,0,0,0,0,0
Food cleanliness and quality issues,1,0,0,0,0,0
User Experience and Options,1,0,0,0,0,0
Design Inclusion for Beer and Liquor,1,0,0,0,0,0
Food Variety,1,0,0,0,0,0
Positive feedback on assistance,1,0,0,0,0,0
Wrong order delivery,1,0,0,0,0,0
Service Comparison and Discounts,1,0,0,0,0,0
Delivery and Offers,1,0,0,0,0,0
Menu Search Option Request,1,0,0,0,0,0
High delivery charges and inaccurate distance calculation,1,0,0,0,0,0
"""High Additional Charges""",2,0,0,0,0,0
High hotel pricing,1,0,0,0,0,0
App download request,1,0,0,0,0,0
Excellent service and reliability,1,0,0,0,0,0
Lack of Human Support and Listings,1,0,0,0,0,0
Positive feedback on usefulness and beauty,1,0,0,0,0,0
Competitive Pricing,1,0,0,0,0,0
Scam app complaint,1,0,0,0,0,0
"""Value for Time and Extra Charges""",1,0,0,0,0,0
Recipe imbalance in ingredients,1,0,0,0,0,0
Inaccurate Delivery Timer,1,0,0,0,0,0
Lack of option to add extra pav in order,1,0,0,0,0,0
Payment Options,1,0,0,0,0,0
"""Helpful for newcomers""",1,0,0,0,0,0
Lack of action on poor food quality,1,0,0,0,0,0
Live Location Update Issue,1,0,0,0,0,0
High delivery cost,1,0,0,0,0,0
App Usability Improvement,1,0,0,0,0,0
Delivery Delay and Poor Food Quality,1,0,0,0,0,0
App Preference,1,0,0,0,0,0
Amenities Quality,1,0,0,0,0,0
Zomato's Trust and User Experience,1,0,0,0,0,0
Upload Evidence of Cheating,1,0,0,0,0,0
Delivery and food quality issues,1,0,0,0,0,0
Gold Membership Order Issues,1,0,0,0,0,0
Positive Vibes,2,0,0,0,0,0
Long-term satisfaction,1,0,0,0,0,0
Food Quality and App Enjoyment,1,0,0,0,0,0
Order Cancellation and Pricing Transparency,1,0,0,0,0,0
Language Options for Delivery App,1,0,0,0,0,0
Helpful app for uncommon cities,1,0,0,0,0,0
Feedback Quality,1,0,0,0,0,0
Timely Food Enjoyment,1,0,0,0,0,0
Positive Recommendation,1,0,0,0,0,0
Timing Feedback,1,0,0,0,0,0
Price Discrepancy,1,0,0,0,0,0
Delivery Costs,1,0,0,0,0,0
Late delivery and poor customer service,1,0,0,0,0,0
Delivery service and pricing concerns,1,0,0,0,0,0
Balance Issues,1,0,0,0,0,0
Lack of restaurant responsiveness to feedback,1,0,0,0,0,0
Delivery Issues and Payment Confusion,1,0,0,0,0,0
Cold food quality,1,0,0,0,0,0
Home Stay Food Delivery Satisfaction,1,0,0,0,0,0
Usability,1,0,0,0,0,0
Fresh Food Delivery,1,0,0,0,0,0
Disturbing content and excessive ads,1,0,0,0,0,0
Misleading Ingredients,1,0,0,0,0,0
Membership Prioritization Issues,1,0,0,0,0,0
Customer Service and Payment Options Issues,1,0,0,0,0,0
Excessive Exile,1,0,0,0,0,0
Additional Fees,1,0,0,0,0,0
Test Quality,1,0,0,0,0,0
Delivery Distance and Free Delivery Policy,1,0,0,0,0,0
App Utility,1,0,0,0,0,0
Drone delivery request,1,0,0,0,0,0
Payment issue and refund request,2,0,0,0,0,0
OTP and Service Issues,1,0,0,0,0,0
Menu Item Availability,1,0,0,0,0,0
Potential for Improvement,1,0,0,0,0,0
Schedule Delivery Feature,1,0,0,0,0,0
Increased Fees and Decreased Value,1,0,0,0,0,0
Options Improvement,1,0,0,0,0,0
First-time food ordering experience,1,0,0,0,0,0
Order cancellations,1,0,0,0,0,0
Poor customer service and cancellation policy,1,0,0,0,0,0
Price Comparison with Competitors,1,0,0,0,0,0
Food delivery request,1,0,0,0,0,0
Price Discrepancy and Fraud Allegations,1,0,0,0,0,0
Order Confirmation Procedure,1,0,0,0,0,0
Charge Cancellation Request,1,0,0,0,0,0
OSM Experience Feedback,1,0,0,0,0,0
Missing item and poor customer support,1,0,0,0,0,0
Payment Issues and Order Cancellation Problems,1,0,0,0,0,0
Coupon offerings comparison,1,0,0,0,0,0
App for managing hunger emotions,1,0,0,0,0,0
Affordable Offers Improvement,1,0,0,0,0,0
Delivery Issues and Item Discrepancies,1,0,0,0,0,0
Service quality issues in Mulund West,1,0,0,0,0,0
User-friendly for travel,1,0,0,0,0,0
Food delivery service and customer support,1,0,0,0,0,0
Order Processing Issue,1,0,0,0,0,0
Order Resolution Issues,1,0,0,0,0,0
Food cost concerns,1,0,0,0,0,0
Hotel Quality and Food Standards,1,0,0,0,0,0
Poor service and order system issues,1,0,0,0,0,0
